<?xml version="1.0" encoding="UTF-8"?>
<project-private xmlns="http://www.netbeans.org/ns/project-private/1">
    <editor-bookmarks xmlns="http://www.netbeans.org/ns/editor-bookmarks/2" lastBookmarkId="0"/>
    <open-files xmlns="http://www.netbeans.org/ns/projectui-open-files/2">
        <group>
            <file>file:/F:/UC/1.%20IMT/1.%20Kelas%20Mata%20Kuliah/2.%20Semester%20II/5.%20Programming%20Techniques/2.%20Tugas/W6/Week6_0706012010039/src/GeometryCoveredMaster/Shape.java</file>
            <file>file:/F:/UC/1.%20IMT/1.%20Kelas%20Mata%20Kuliah/2.%20Semester%20II/5.%20Programming%20Techniques/2.%20Tugas/W6/Week6_0706012010039/src/GeometryCoveredMaster/Circle.java</file>
            <file>file:/F:/UC/1.%20IMT/1.%20Kelas%20Mata%20Kuliah/2.%20Semester%20II/5.%20Programming%20Techniques/2.%20Tugas/W6/Week6_0706012010039/src/GeometryCoveredMaster/RightTriangle.java</file>
            <file>file:/F:/UC/1.%20IMT/1.%20Kelas%20Mata%20Kuliah/2.%20Semester%20II/5.%20Programming%20Techniques/2.%20Tugas/W6/Week6_0706012010039/src/GeometryCoveredMaster/Menu.java</file>
            <file>file:/F:/UC/1.%20IMT/1.%20Kelas%20Mata%20Kuliah/2.%20Semester%20II/5.%20Programming%20Techniques/2.%20Tugas/W6/Week6_0706012010039/src/GeometryCoveredMaster/Main.java</file>
            <file>file:/F:/UC/1.%20IMT/1.%20Kelas%20Mata%20Kuliah/2.%20Semester%20II/5.%20Programming%20Techniques/2.%20Tugas/W6/Week6_0706012010039/src/GeometryCoveredMaster/Rectangle.java</file>
        </group>
    </open-files>
</project-private>
